,Country,Code,Year,"Female (deaths per 100,000)","Male (deaths per 100,000)","Both sexes (deaths per 100,000)",Rank,Quality of Life Index,Purchasing Power Index,Safety Index,Health Care Index,Cost of Living Index,Property Price to Income Ratio,Traffic Commute Time Index,Pollution Index,Climate Index
0,Argentina,ARG,2013,4.14,18.7,11.074010405223703,45,72.53,51.09,40.71,78.26,69.68,10.19,46.71,55.56,-
1,Argentina,ARG,2014,4.07,18.25,10.820288684217378,41,81.12,57.08,42.52,76.75,66.85,8.95,45.0,57.45,-
2,Argentina,ARG,2015,4.01,17.82,10.570320576512204,52,77.01,59.38,37.6,75.18,67.12,11.59,41.39,55.88,-
3,Argentina,ARG,2016,4.0,17.95,10.627445853661275,36,138.48,74.92,36.72,73.73,64.09,12.22,42.36,58.46,91.7
4,Armenia,ARM,2015,3.42,14.56,8.522066347590416,60,49.07,27.74,70.86,48.33,40.68,13.39,26.09,73.03,-
5,Australia,AUS,2013,5.12,16.15,10.533589553159171,12,165.8,104.18,55.56,75.56,130.71,8.12,39.09,20.89,-
6,Australia,AUS,2014,5.26,16.88,10.962726860710749,8,175.98,104.2,58.77,73.55,108.51,7.44,36.25,19.38,-
7,Australia,AUS,2015,5.28,17.5,11.277802198153564,8,180.81,110.39,57.84,71.85,99.32,7.13,36.25,21.63,-
8,Australia,AUS,2016,5.04,17.35,11.081869871307235,5,198.79,147.25,56.88,73.71,78.45,8.43,34.65,22.88,77.33
9,Austria,AUT,2013,5.35,19.19,11.891660917507098,10,167.39,88.57,69.56,81.45,93.07,8.82,28.0,28.81,-
10,Austria,AUT,2014,5.51,18.87,11.841427022802556,10,171.82,91.53,74.17,79.67,89.5,9.17,24.5,31.68,-
11,Austria,AUT,2015,5.37,18.82,11.770476394482765,7,182.62,104.55,73.75,78.42,76.87,9.6,25.86,33.96,-
12,Austria,AUT,2016,5.28,18.16,11.420545843824014,6,192.4,120.46,75.94,77.78,66.59,9.52,26.79,30.77,63.76
13,Bahrain,BHR,2015,1.81,5.67,4.268414685814541,47,84.06,59.69,60.03,84.44,56.17,7.89,27.0,87.36,-
14,Bangladesh,BGD,2015,6.04,6.28,6.217116213282447,82,-5.36,33.43,35.75,43.25,39.22,10.9,58.0,93.59,-
15,Belarus,BLR,2014,6.34,38.8,21.095539973217694,45,74.43,33.93,67.11,48.02,50.35,16.81,24.83,42.72,-
16,Belarus,BLR,2015,5.79,36.32,19.58532029920445,54,72.48,35.82,69.5,45.39,50.2,16.36,30.57,45.12,-
17,Belgium,BEL,2013,8.65,23.04,15.629296788064766,20,146.73,95.48,57.05,81.48,103.01,6.69,27.33,49.63,-
18,Belgium,BEL,2014,8.16,22.38,15.070784242938357,21,134.71,87.93,58.47,78.04,100.04,5.98,25.96,56.16,-
19,Belgium,BEL,2015,8.25,21.94,14.909187057337196,23,135.95,86.16,57.96,77.86,87.22,6.49,26.69,53.84,-
20,Belgium,BEL,2016,7.85,21.36,14.422614984832613,25,162.29,106.69,54.81,78.06,75.44,6.58,36.19,56.61,76.97
21,Bolivia,BOL,2015,4.25,8.85,6.4903743617884455,78,6.55,41.1,34.4,49.75,40.02,10.33,55.0,94.05,-
22,Brazil,BRA,2013,2.38,10.01,6.033516729547022,53,48.21,41.44,37.38,57.58,69.91,13.33,35.82,56.5,-
23,Brazil,BRA,2014,2.33,9.98,5.996477591754446,56,38.76,43.29,33.0,53.72,60.6,14.96,43.02,57.58,-
24,Brazil,BRA,2015,2.3,9.98,5.979826160641872,70,29.84,41.16,31.05,52.15,55.33,16.7,46.34,58.03,-
25,Brazil,BRA,2016,2.29,10.18,6.0700501938100775,45,101.02,48.69,28.77,51.09,38.88,17.95,46.12,61.18,72.6
26,Bulgaria,BGR,2013,3.52,15.0,8.961946892767717,52,53.71,38.01,58.53,54.63,51.37,10.14,22.17,78.86,-
27,Bulgaria,BGR,2014,3.79,15.35,9.271611188938133,51,62.6,37.39,59.98,58.04,49.96,9.87,34.69,66.72,-
28,Bulgaria,BGR,2015,3.77,15.33,9.24062290038697,55,68.3,39.88,56.55,58.47,43.57,9.42,33.43,63.96,-
29,Bulgaria,BGR,2016,3.72,15.66,9.373283872294193,34,141.61,59.19,58.58,50.93,36.36,8.8,28.66,60.35,77.8
30,Cambodia,KHM,2015,2.41,7.28,4.620922372038541,81,-4.4,11.93,55.94,54.17,57.05,21.11,33.33,80.06,-
31,Canada,CAN,2013,5.61,16.27,10.82001543178961,5,186.03,111.04,65.02,72.79,95.47,5.08,38.76,26.52,-
32,Canada,CAN,2014,5.78,16.78,11.16773412193814,7,178.29,105.53,63.71,71.94,87.9,5.57,39.17,27.7,-
33,Canada,CAN,2015,5.85,16.99,11.316168461035485,9,177.63,105.07,62.54,69.6,81.8,5.52,38.88,27.3,-
34,Canada,CAN,2016,5.7,16.63,11.065493408182174,15,177.23,134.81,60.8,68.62,64.82,6.14,37.79,29.48,46.23
35,Chile,CHL,2013,3.82,17.14,10.236230588119787,44,72.56,58.03,59.72,61.51,66.37,9.22,40.22,74.2,-
36,Chile,CHL,2014,3.66,17.03,10.105458150138674,47,69.32,58.27,52.91,58.68,60.16,9.45,42.1,70.98,-
37,Chile,CHL,2015,3.78,16.9,10.106312380464631,56,65.48,55.11,54.99,58.55,53.21,10.84,40.83,72.4,-
38,Chile,CHL,2016,3.77,16.99,10.147604371033426,30,147.26,78.4,58.0,61.05,43.88,9.88,33.81,67.21,85.68
39,China,CHN,2013,6.34,8.99,7.636712475439903,58,31.5,42.41,73.13,60.86,60.72,22.22,30.5,89.35,-
40,China,CHN,2014,6.19,8.94,7.540028585797193,58,30.3,43.73,69.87,65.12,54.12,26.13,31.17,84.72,-
41,China,CHN,2015,6.01,8.88,7.420151367647718,76,15.99,48.64,58.25,58.74,48.89,26.42,37.48,89.36,-
42,China,CHN,2016,5.78,8.78,7.2551741441164275,46,99.03,77.42,67.92,61.2,48.1,24.98,44.09,85.54,46.59
43,Colombia,COL,2013,1.9,9.03,5.3249151438623565,56,35.05,29.44,45.84,77.31,57.25,15.46,43.57,68.26,-
44,Colombia,COL,2014,1.92,9.26,5.455652666091838,57,36.53,33.45,41.46,68.52,50.37,14.23,46.15,65.67,-
45,Colombia,COL,2015,1.91,9.31,5.4791300652068,61,47.71,36.08,43.12,68.92,38.92,14.35,44.55,61.41,-
46,Colombia,COL,2016,1.88,9.46,5.540307678380669,41,128.46,45.99,51.49,73.22,29.25,16.29,44.24,64.44,84.51
47,Croatia,HRV,2013,5.09,19.62,11.845546451590774,35,88.86,52.07,67.75,50.03,69.6,13.1,43.86,42.0,-
48,Croatia,HRV,2014,5.15,19.57,11.851634481926222,32,108.7,48.32,71.1,55.94,69.04,13.37,33.35,28.69,-
49,Croatia,HRV,2015,5.28,19.89,12.080679498885539,33,112.34,50.47,70.66,57.26,58.92,12.48,30.5,32.76,-
50,Croatia,HRV,2016,4.68,18.87,11.303063297778886,19,172.39,67.89,70.49,59.96,48.2,11.88,30.03,30.42,85.64
51,Cyprus,CYP,2015,1.76,7.74,4.699221642196222,17,154.91,71.05,68.44,78.36,72.52,7.38,19.0,32.88,-
52,Czech Republic,CZE,2013,4.03,20.62,12.083107341312099,26,122.18,64.46,65.88,61.99,60.97,10.0,30.78,40.1,-
53,Czech Republic,CZE,2014,3.82,19.58,11.466955249075868,26,122.99,62.32,66.12,66.27,56.59,10.43,33.08,38.34,-
54,Czech Republic,CZE,2015,3.79,19.04,11.184923365861938,27,127.53,68.07,67.11,67.24,48.5,10.59,31.47,42.87,-
55,Czech Republic,CZE,2016,3.82,18.45,10.91706347719219,22,167.38,89.99,67.94,72.35,41.8,10.33,32.48,42.49,63.48
56,Denmark,DNK,2013,4.32,13.65,8.866468897506401,7,182.29,104.58,69.26,86.13,114.09,6.97,22.5,34.29,-
57,Denmark,DNK,2014,4.16,13.38,8.666310123652826,6,178.55,100.66,70.73,85.62,114.87,6.37,25.0,34.76,-
58,Denmark,DNK,2015,4.26,12.84,8.452166737823841,6,190.18,105.7,74.29,79.28,100.6,5.02,27.85,31.79,-
59,Denmark,DNK,2016,4.42,13.09,8.66188617882549,2,206.49,142.14,74.33,81.89,84.88,5.85,25.64,29.93,70.65
60,Dominican Republic,DOM,2015,3.1,14.72,8.866549913685178,65,43.6,28.2,32.28,78.7,55.95,11.45,27.5,65.32,-
61,Ecuador,ECU,2013,4.88,14.9,9.780455915217852,54,37.68,25.99,40.26,64.81,46.02,13.33,43.0,58.55,-
62,Ecuador,ECU,2014,4.63,14.72,9.566042200594847,53,42.25,27.03,40.03,59.39,45.23,12.7,42.8,53.66,-
63,Ecuador,ECU,2015,4.52,14.58,9.445860858285416,64,44.52,28.0,45.96,63.08,45.57,14.67,45.67,53.2,-
64,Egypt,EGY,2013,2.58,7.9,5.29573630665503,64,7.59,27.41,51.33,59.08,44.12,12.33,59.0,89.86,-
65,Egypt,EGY,2014,2.63,7.78,5.256165862283928,65,5.41,25.57,47.57,61.3,38.26,11.09,60.83,91.23,-
66,Egypt,EGY,2015,2.7,7.93,5.3729654536658975,83,-7.07,25.84,39.86,54.69,37.22,11.33,56.85,96.62,-
67,Egypt,EGY,2016,2.73,8.02,5.436074106758684,50,88.79,40.3,43.47,46.58,36.71,10.76,50.85,96.05,79.72
68,Estonia,EST,2013,4.12,25.17,13.815965046287113,16,154.95,54.02,75.77,78.06,67.23,9.26,23.17,16.38,-
69,Estonia,EST,2014,4.05,25.47,13.931775873925778,16,145.4,48.67,70.93,76.34,67.33,10.19,24.71,13.43,-
70,Estonia,EST,2015,3.75,23.9,13.071507512750644,21,144.59,51.44,71.87,73.08,61.2,11.65,22.44,15.53,-
71,Finland,FIN,2013,6.81,21.79,14.223037111055195,11,167.21,95.65,67.31,76.41,101.72,9.38,49.0,18.53,-
72,Finland,FIN,2014,6.21,20.63,13.356331357186447,5,178.88,97.9,70.84,68.69,103.28,7.83,37.0,16.68,-
73,Finland,FIN,2015,5.81,19.54,12.621371009688616,5,190.25,101.17,70.45,69.37,89.68,7.01,33.17,14.91,-
74,Finland,FIN,2016,5.85,19.7,12.721293064348691,11,184.01,132.93,71.88,74.36,75.25,7.73,32.89,17.84,32.56
75,France,FRA,2013,6.35,22.03,13.777085559134074,17,151.36,99.18,48.87,85.62,98.92,8.38,28.9,41.3,-
76,France,FRA,2014,6.06,21.11,13.190758636404714,20,136.31,92.29,52.72,82.28,100.21,10.32,28.1,46.92,-
77,France,FRA,2015,5.81,20.96,12.985378781086636,22,139.31,92.62,50.29,82.58,88.37,9.7,28.6,45.94,-
78,France,FRA,2016,5.61,20.2,12.522829069089779,18,173.56,118.51,55.94,82.25,75.3,11.93,31.98,46.31,78.3
79,Georgia,GEO,2013,2.09,12.19,6.722582816213762,55,35.74,29.0,80.43,68.98,53.24,33.8,20.0,64.83,-
80,Georgia,GEO,2015,2.34,13.49,7.4653895216434965,57,64.96,26.21,77.99,62.59,39.56,15.17,38.0,58.79,-
81,Germany,DEU,2013,4.66,15.04,9.662333896786608,2,204.84,118.0,76.14,73.25,87.56,5.0,31.89,28.43,-
82,Germany,DEU,2014,4.49,14.7,9.415548571741382,3,192.69,112.28,72.86,75.26,87.14,5.6,36.07,30.2,-
83,Germany,DEU,2015,4.66,15.07,9.692091233358722,2,195.94,111.84,71.51,75.61,76.27,6.61,31.08,28.32,-
84,Germany,DEU,2016,4.78,15.34,9.903972521970925,4,199.7,147.61,67.05,75.85,65.54,7.13,29.07,29.91,63.02
85,Greece,GRC,2013,1.3,5.93,3.5669421927283045,50,55.51,50.31,50.24,50.4,88.06,11.56,38.51,62.69,-
86,Greece,GRC,2014,1.29,6.04,3.6157358229254006,43,77.48,44.27,56.95,59.02,83.79,11.74,36.98,45.28,-
87,Greece,GRC,2015,1.29,6.14,3.66306904733662,40,94.66,51.89,58.65,56.73,68.88,9.67,33.18,44.87,-
88,Greece,GRC,2016,1.3,5.9,3.548049172893188,24,165.43,79.27,61.54,59.17,54.4,7.38,29.09,47.22,87.14
89,Hungary,HUN,2013,6.68,26.75,15.87767821084032,39,85.59,43.45,66.28,51.02,60.76,10.71,22.45,53.27,-
90,Hungary,HUN,2014,6.46,26.02,15.446339880942777,40,83.18,44.89,62.48,46.58,59.27,9.63,34.83,48.33,-
91,Hungary,HUN,2015,6.94,27.05,16.21149289148892,41,93.07,46.85,58.24,51.58,48.9,8.58,30.12,46.25,-
92,Hungary,HUN,2016,6.26,24.59,14.6977940301251,35,140.74,56.3,58.07,52.07,41.29,9.81,31.78,46.7,66.89
93,India,IND,2013,13.76,19.46,16.56142616887109,43,73.7,62.71,57.88,62.68,30.24,9.96,50.64,77.48,-
94,India,IND,2014,13.86,18.83,16.287277363620753,42,78.01,62.33,56.3,64.62,26.7,10.16,47.72,74.34,-
95,India,IND,2015,13.4,18.12,15.705220514811838,51,78.6,65.79,53.45,66.86,26.27,10.06,45.24,77.72,-
96,India,IND,2016,13.43,18.15,15.738275673789055,43,109.28,89.65,53.41,66.47,24.14,10.54,45.98,77.02,19.66
97,Indonesia,IDN,2013,1.62,4.94,3.261365629804402,66,-12.54,24.61,59.51,48.52,46.01,24.75,54.38,85.14,-
98,Indonesia,IDN,2014,1.59,4.85,3.2034096905855645,62,21.85,26.44,53.33,60.23,39.0,18.79,41.07,73.78,-
99,Indonesia,IDN,2015,1.57,4.79,3.1681053080261043,73,22.7,26.01,52.78,66.09,39.35,18.93,41.63,74.41,-
100,Indonesia,IDN,2016,1.56,4.76,3.1506025895739525,53,72.19,35.51,53.03,62.56,36.33,19.48,41.4,75.14,7.98
101,Iran,IRN,2013,3.68,8.12,5.919657605534973,65,-6.96,35.75,43.85,45.66,56.97,16.33,58.28,90.23,-
102,Iran,IRN,2014,3.47,7.97,5.735812141263247,66,-11.08,30.33,44.99,48.6,49.51,20.63,54.45,86.07,-
103,Iran,IRN,2015,3.23,8.0,5.634616586973271,80,1.07,30.65,49.1,50.12,44.53,20.78,47.44,82.28,-
104,Iran,IRN,2016,3.23,7.82,5.5461880874432685,47,96.93,47.73,47.63,49.83,41.12,14.78,48.15,84.21,74.61
105,Ireland,IRL,2013,3.65,16.06,9.776539733131198,18,149.64,91.68,55.05,49.0,107.65,5.52,21.0,29.76,-
106,Ireland,IRL,2014,3.39,15.51,9.369767999513275,17,142.35,94.64,46.41,42.57,106.61,5.74,22.53,29.32,-
107,Ireland,IRL,2015,3.33,14.33,8.753767280961808,19,148.85,95.72,50.93,49.53,92.09,6.07,32.6,27.97,-
108,Ireland,IRL,2016,3.13,13.72,8.352954987457531,20,171.92,125.66,51.61,50.38,78.03,8.51,32.31,30.85,73.07
109,Israel,ISR,2013,2.4,10.06,6.116024983496777,32,99.34,73.52,51.74,87.04,90.18,10.31,46.6,59.54,-
110,Israel,ISR,2014,2.35,9.72,5.927504515040312,35,91.16,69.29,66.72,75.43,91.45,12.83,46.38,63.75,-
111,Israel,ISR,2015,2.19,9.84,5.907667418828959,30,120.43,88.18,69.6,76.35,79.29,10.72,41.25,65.21,-
112,Israel,ISR,2016,2.13,9.62,5.77592389981427,23,166.63,115.54,69.37,76.07,75.75,10.64,37.76,61.46,81.89
113,Italy,ITA,2013,2.27,8.81,5.395752172376107,37,87.36,75.76,50.54,64.78,98.09,13.0,38.43,58.86,-
114,Italy,ITA,2014,2.17,8.5,5.196653997321852,36,90.61,75.39,54.41,65.05,96.81,12.15,38.05,60.42,-
115,Italy,ITA,2015,2.18,8.38,5.14460168245325,38,100.99,79.35,52.5,65.78,82.72,11.69,35.91,57.75,-
116,Italy,ITA,2016,2.08,7.88,4.850424784287788,26,159.28,105.67,53.78,67.76,68.77,10.37,36.49,56.56,86.19
117,Japan,JPN,2013,9.44,24.4,16.817110580550253,15,159.79,87.68,86.89,80.09,113.21,8.32,50.3,33.68,-
118,Japan,JPN,2014,9.31,23.57,16.345728353575982,12,168.47,99.64,81.9,85.03,94.13,8.34,47.64,40.78,-
119,Japan,JPN,2015,8.88,22.69,15.69282297584044,13,168.28,98.21,79.76,87.07,80.36,9.24,51.05,38.22,-
120,Japan,JPN,2016,8.81,22.63,15.632275249147035,16,176.06,117.55,80.66,80.42,81.25,20.17,48.35,34.04,79.64
121,Jordan,JOR,2014,1.38,4.92,3.2769781976563475,55,39.54,38.3,52.42,74.1,61.46,7.95,60.2,81.84,-
122,Jordan,JOR,2015,1.32,4.9,3.249163629867035,67,38.61,38.67,54.49,69.71,61.38,8.58,51.4,85.64,-
123,Kazakhstan,KAZ,2014,8.6,41.58,23.912067519489216,54,40.64,37.29,50.59,60.19,63.15,11.35,40.0,74.36,-
124,Kazakhstan,KAZ,2015,8.17,39.85,22.866069560691013,63,47.0,43.48,53.32,58.86,54.27,12.73,41.8,73.69,-
125,Kenya,KEN,2015,4.19,19.72,11.305471805694685,77,7.32,28.74,27.39,62.7,50.01,16.75,65.2,62.2,-
126,Kuwait,KWT,2014,1.06,3.61,2.5312299132574867,18,141.37,92.46,63.56,66.2,74.08,6.78,17.0,59.99,-
127,Kuwait,KWT,2015,0.98,3.62,2.485094847327885,29,123.39,85.7,56.49,66.57,92.97,6.12,25.0,59.63,-
128,Latvia,LVA,2015,4.61,31.92,17.164113815889507,39,99.04,44.39,62.78,67.13,55.94,12.19,24.0,43.43,-
129,Lebanon,LBN,2013,2.3,7.5,4.849518836776716,62,12.46,44.15,52.69,43.33,73.95,18.42,36.4,88.05,-
130,Lebanon,LBN,2014,2.25,7.53,4.845117364838872,63,18.39,41.86,49.9,55.36,70.15,18.3,32.43,86.72,-
131,Lebanon,LBN,2015,2.2,7.51,4.813600675163351,69,32.81,50.17,48.02,65.78,67.61,16.21,32.43,89.11,-
132,Lithuania,LTU,2013,9.01,58.01,31.89975620216672,31,114.05,42.79,65.39,70.79,60.95,13.58,27.33,25.17,-
133,Lithuania,LTU,2014,8.28,55.59,30.41018869606126,27,121.91,43.24,65.29,69.26,59.96,12.91,22.0,21.13,-
134,Lithuania,LTU,2015,8.25,53.6,29.41731891478397,32,112.85,46.86,63.31,70.11,52.76,12.87,31.33,29.6,-
135,Lithuania,LTU,2016,7.73,51.69,28.176799503912125,40,134.33,61.25,56.85,67.38,45.56,12.9,30.24,30.94,24.42
136,Macedonia,MKD,2015,3.51,10.29,6.703023415013447,71,28.85,35.48,63.94,35.12,37.41,15.38,33.17,82.31,-
137,Macedonia,MKD,2016,3.5,10.63,6.860036384140019,42,115.03,46.74,61.98,59.99,31.05,15.52,40.68,85.29,80.55
138,Malaysia,MYS,2013,3.74,10.52,7.216220530242574,40,79.74,71.79,32.25,59.65,54.13,6.79,38.64,67.35,-
139,Malaysia,MYS,2014,3.85,10.95,7.491782115087372,37,89.05,70.46,33.59,69.35,48.66,8.04,38.7,61.12,-
140,Malaysia,MYS,2015,3.95,11.16,7.652473206198223,45,85.32,73.54,30.03,69.14,45.97,8.35,39.4,64.73,-
141,Malaysia,MYS,2016,4.03,11.22,7.7261871216406846,56,63.8,96.34,31.45,66.45,37.47,9.07,39.77,67.53,-71.17
142,Mexico,MEX,2013,2.02,9.75,5.721664118240852,36,87.94,60.67,43.77,72.12,52.42,5.68,37.37,66.08,-
143,Mexico,MEX,2014,2.08,9.7,5.72982090773714,39,83.47,60.46,47.54,70.64,46.96,6.47,38.96,71.17,-
144,Mexico,MEX,2015,2.08,9.72,5.740482530003552,46,84.97,59.51,46.16,67.79,41.26,6.26,36.89,68.83,-
145,Mexico,MEX,2016,2.09,10.0,5.883073831203348,39,137.01,76.51,49.2,68.13,35.01,6.21,37.06,64.64,58.78
146,Moldova,MDA,2015,4.03,26.56,14.592634101982744,66,42.13,23.7,50.3,52.69,34.72,17.07,24.6,57.24,-
147,Mongolia,MNG,2013,5.57,27.83,16.362032356290882,61,14.08,28.4,53.13,43.06,61.95,13.0,26.67,88.97,-
148,Mongolia,MNG,2014,5.42,27.03,15.891979670864554,67,-26.75,25.59,33.77,27.23,57.36,15.7,36.86,94.98,-
149,Mongolia,MNG,2015,5.34,26.94,15.801537318619976,85,-35.74,23.5,29.75,28.29,52.28,18.63,36.86,94.55,-
150,Netherlands,NLD,2013,5.39,13.26,9.241445476004637,14,160.54,94.93,62.47,66.8,98.06,6.3,38.7,28.08,-
151,Netherlands,NLD,2014,5.42,12.91,9.084085072832242,14,160.98,97.54,62.93,66.17,98.82,6.08,35.06,32.4,-
152,Netherlands,NLD,2015,5.45,13.15,9.222200101952193,14,166.76,102.02,64.59,67.23,85.98,6.22,35.45,34.97,-
153,Netherlands,NLD,2016,5.66,13.11,9.306815789319012,7,192.4,129.34,68.53,70.43,72.12,5.87,35.51,32.79,76.28
154,New Zealand,NZL,2013,5.49,17.12,11.094573016310024,13,163.17,85.55,58.21,76.04,110.45,5.94,26.57,21.8,-
155,New Zealand,NZL,2014,5.25,16.99,10.912077194798092,11,168.56,87.58,57.15,77.83,104.48,5.3,26.57,21.02,-
156,New Zealand,NZL,2015,5.46,16.79,10.926653135338748,10,175.51,90.99,60.24,72.61,93.71,5.78,28.1,17.61,-
157,New Zealand,NZL,2016,5.48,17.35,11.20023326104295,3,201.06,115.47,63.63,72.6,78.17,6.28,31.1,19.04,88.35
158,Nigeria,NGA,2015,5.25,9.91,7.521572103034707,79,2.99,40.23,23.4,38.4,59.4,10.74,58.67,76.29,-
159,Norway,NOR,2013,5.46,14.72,10.106149975342497,8,173.86,97.29,74.39,80.51,164.92,7.3,27.08,23.35,-
160,Norway,NOR,2014,5.28,13.99,9.654408333818552,13,168.41,94.4,66.27,75.71,144.45,7.42,24.5,22.57,-
161,Norway,NOR,2015,5.4,13.24,9.332552789078864,11,175.09,96.3,68.81,75.46,118.59,7.74,25.3,23.7,-
162,Norway,NOR,2016,5.34,13.03,9.201910752060595,8,188.9,125.75,69.89,74.23,99.8,7.36,29.48,18.21,56.33
163,Pakistan,PAK,2013,4.71,4.58,4.655147941729145,63,7.67,26.38,38.48,47.88,32.83,17.49,16.0,86.96,-
164,Pakistan,PAK,2014,4.67,4.6,4.640484571478346,60,22.32,31.53,36.25,50.4,29.69,13.92,25.12,80.25,-
165,Pakistan,PAK,2015,4.56,4.56,4.564877887259427,74,21.82,33.21,38.84,51.16,30.71,14.32,25.14,83.73,-
166,Pakistan,PAK,2016,4.48,4.54,4.510080278396742,48,93.99,43.34,43.37,61.27,26.69,15.27,36.85,76.64,41.17
167,Panama,PAN,2013,1.56,8.99,5.260817678524544,38,86.81,37.69,51.54,82.41,50.77,10.83,31.67,48.08,-
168,Panama,PAN,2015,1.58,8.42,4.983266554545248,44,89.27,43.34,49.92,82.14,55.16,10.79,28.12,50.91,-
169,Philippines,PHL,2013,2.98,8.63,5.786950420537301,59,21.08,25.98,45.06,73.7,47.79,16.38,46.75,74.84,-
170,Philippines,PHL,2014,2.97,8.81,5.873445493044377,59,28.09,29.97,58.1,69.84,40.28,18.78,49.78,74.88,-
171,Philippines,PHL,2015,3.03,9.15,6.079462706301737,68,36.95,35.41,56.89,71.66,40.0,18.52,45.5,74.17,-
172,Philippines,PHL,2016,2.99,9.14,6.0516707502234,54,65.83,42.86,62.39,72.25,34.73,19.24,45.97,73.12,-26.98
173,Poland,POL,2013,3.76,27.52,15.299817136522766,34,90.47,55.56,61.07,57.81,53.31,13.0,36.24,50.02,-
174,Poland,POL,2014,3.63,26.08,14.547071471933274,33,95.19,57.6,62.47,54.83,53.68,11.37,35.32,50.54,-
175,Poland,POL,2015,3.52,26.11,14.514068217902036,36,109.74,63.49,67.01,58.03,45.11,10.56,34.67,50.55,-
176,Poland,POL,2016,3.43,25.58,14.216528336508153,29,153.61,80.77,68.59,60.01,38.53,10.95,34.51,49.87,64.33
177,Portugal,PRT,2013,3.51,14.69,8.666408372337699,28,119.76,54.59,65.04,61.63,71.77,8.06,27.88,35.0,-
178,Portugal,PRT,2014,3.47,14.44,8.527018943014777,23,124.71,54.65,64.94,64.8,69.3,8.41,28.91,30.9,-
179,Portugal,PRT,2015,3.05,13.34,7.778090208764362,26,129.16,58.22,64.16,65.62,58.22,8.32,28.2,32.61,-
180,Portugal,PRT,2016,3.03,13.08,7.642019230348736,13,181.18,75.47,64.87,69.03,49.83,8.43,30.56,31.85,91.7
181,Puerto Rico,PRI,2013,1.65,11.17,6.124004039767738,29,117.89,95.73,29.47,58.98,81.49,3.93,32.5,54.02,-
182,Puerto Rico,PRI,2014,1.57,10.44,5.737501873594708,24,123.64,85.28,40.7,59.93,76.5,5.1,28.4,47.41,-
183,Puerto Rico,PRI,2015,1.41,10.37,5.620765509455998,28,125.69,94.43,32.94,58.74,73.5,4.54,32.0,48.03,-
184,Qatar,QAT,2013,1.2,6.18,4.940790125432733,9,169.92,140.57,73.83,68.06,80.92,5.43,30.5,82.76,-
185,Qatar,QAT,2015,1.15,5.78,4.6294419124765405,20,144.89,113.02,78.96,75.86,74.0,6.56,29.27,87.73,-
186,Romania,ROU,2013,2.81,16.86,9.65466186703382,49,57.75,36.35,69.98,46.13,49.46,14.25,34.85,63.34,-
187,Romania,ROU,2014,2.7,16.73,9.539639445532288,50,63.27,36.51,71.27,47.27,48.2,13.24,33.29,62.55,-
188,Romania,ROU,2015,2.62,16.28,9.279052392360525,48,83.63,40.62,70.28,46.57,42.39,11.81,30.69,50.55,-
189,Romania,ROU,2016,2.57,15.96,9.095293361169253,32,146.13,61.9,70.28,51.43,34.8,10.56,33.29,50.5,66.96
190,Russia,RUS,2013,8.69,49.8,27.756963532291714,60,18.5,39.6,47.61,39.34,68.12,12.36,49.68,78.29,-
191,Russia,RUS,2014,8.76,50.24,28.019970055265805,64,16.53,37.3,47.33,43.45,61.8,14.67,49.69,76.45,-
192,Russia,RUS,2015,8.5,47.58,26.62448443135005,72,28.38,38.86,48.67,51.8,61.91,14.6,47.08,72.77,-
193,Russia,RUS,2016,8.06,45.4,25.391507602799944,51,88.31,57.42,52.69,54.15,38.48,12.84,49.13,64.49,10.87
194,Saudi Arabia,SAU,2013,0.88,4.47,2.9789053799798935,22,140.49,116.1,68.26,34.17,71.28,3.11,15.75,80.55,-
195,Saudi Arabia,SAU,2014,0.88,4.48,2.992330707905884,19,139.88,100.03,70.62,50.42,68.14,3.25,23.33,71.54,-
196,Saudi Arabia,SAU,2015,0.88,4.47,2.9873432331618086,12,169.37,126.19,65.43,59.02,50.35,3.12,26.14,71.02,-
197,Saudi Arabia,SAU,2016,0.88,4.44,2.974638054622355,27,159.18,167.86,74.8,65.09,47.6,2.78,38.7,72.2,16.77
198,Serbia,SRB,2013,6.18,21.75,13.508248769962346,48,63.68,37.01,58.77,55.55,51.13,17.22,25.48,52.79,-
199,Serbia,SRB,2014,6.16,21.47,13.390715234260538,48,69.31,37.39,60.72,54.35,51.57,16.86,24.38,49.56,-
200,Serbia,SRB,2015,6.14,21.67,13.494978350987756,58,60.34,39.15,56.57,54.12,43.29,17.07,27.79,56.6,-
201,Serbia,SRB,2016,5.97,20.61,12.902643478888356,37,138.26,49.62,56.72,55.88,33.56,16.59,28.37,55.14,83.89
202,Singapore,SGP,2013,5.14,11.4,8.123986285031329,47,69.17,60.86,80.02,58.82,104.14,25.12,51.1,49.5,-
203,Singapore,SGP,2014,5.04,10.95,7.844479423452946,38,87.99,64.11,78.65,61.82,100.01,22.59,47.82,41.93,-
204,Singapore,SGP,2015,5.04,10.51,7.639595851203839,34,111.29,75.4,82.41,66.14,93.61,21.41,44.07,40.4,-
205,Singapore,SGP,2016,4.83,10.27,7.404878043156287,49,93.09,110.5,84.19,69.06,83.67,23.17,43.43,38.83,-66.63
206,Slovakia,SVK,2013,2.99,18.49,10.363238656646633,30,114.58,54.24,64.84,59.95,62.69,7.91,41.0,34.4,-
207,Slovakia,SVK,2014,2.92,18.35,10.266457589991568,31,108.74,52.41,67.28,63.52,61.5,9.51,37.5,40.81,-
208,Slovakia,SVK,2015,2.96,18.54,10.396737279772763,37,109.09,56.05,66.66,57.34,51.6,8.58,30.4,47.94,-
209,Slovenia,SVN,2013,5.43,25.89,15.22968184179059,24,133.62,60.1,70.4,72.11,78.15,12.1,24.67,28.17,-
210,Slovenia,SVN,2014,4.8,23.92,13.974757957232821,22,125.56,60.36,66.79,61.31,75.37,11.09,20.67,32.97,-
211,Slovenia,SVN,2015,4.88,25.09,14.617220910231225,25,134.49,64.16,71.29,53.93,65.15,10.61,18.82,31.45,-
212,Slovenia,SVN,2016,4.73,24.82,14.441215653947516,17,175.93,89.76,73.73,58.47,52.19,9.72,25.0,28.2,62.46
213,South Africa,ZAF,2013,4.96,18.3,11.143087715863004,25,123.77,107.37,23.32,61.33,59.51,3.21,38.91,58.99,-
214,South Africa,ZAF,2014,4.7,17.82,10.796798370158568,30,111.61,95.97,21.47,59.44,48.55,3.45,41.31,57.93,-
215,South Africa,ZAF,2015,4.62,17.81,10.76018558440449,35,110.92,101.78,21.56,60.09,45.58,3.14,42.98,65.19,-
216,South Africa,ZAF,2016,4.57,18.16,10.923957931364848,28,156.7,126.1,21.57,59.58,34.75,3.34,43.18,63.29,91.42
217,South Korea,KOR,2013,14.55,36.99,24.838925382357093,23,135.62,95.57,82.6,80.56,79.71,12.46,21.5,75.57,-
218,South Korea,KOR,2014,13.6,35.11,23.51897906219467,28,117.9,80.63,83.65,79.17,87.56,11.35,31.2,74.24,-
219,South Korea,KOR,2015,12.95,33.42,22.389016049764123,31,120.03,85.83,82.01,78.15,82.9,11.01,31.33,77.11,-
220,South Korea,KOR,2016,12.31,31.66,21.229137021009603,21,170.29,120.64,85.69,78.97,73.18,14.87,30.93,49.65,51.35
221,Spain,ESP,2013,2.72,9.15,5.806200971272358,21,141.05,83.67,65.88,75.61,79.25,9.63,26.42,46.52,-
222,Spain,ESP,2014,2.73,9.14,5.801235553705144,25,123.64,72.48,67.58,75.17,77.18,10.45,32.03,49.76,-
223,Spain,ESP,2015,2.77,9.21,5.85389317910554,24,134.91,76.71,66.15,73.21,65.7,9.56,28.91,46.3,-
224,Spain,ESP,2016,2.65,8.81,5.592000067629983,9,186.41,105.31,68.23,75.89,56.11,8.06,30.52,46.58,90.8
225,Sri Lanka,LKA,2015,7.75,34.44,20.027883472114414,59,49.87,28.24,50.04,74.29,41.66,14.29,30.83,65.72,-
226,Sweden,SWE,2013,7.01,16.55,11.759238018690437,4,191.36,108.25,68.19,78.7,110.72,8.75,27.9,18.79,-
227,Sweden,SWE,2014,6.93,16.43,11.659157111173249,4,180.92,106.11,61.72,75.22,103.68,9.41,34.07,17.51,-
228,Sweden,SWE,2015,6.59,16.66,11.618377357336753,3,193.86,110.95,57.91,76.29,82.91,9.25,26.9,15.14,-
229,Sweden,SWE,2016,6.49,16.01,11.249797312254262,10,185.81,128.22,56.88,74.33,75.7,11.19,32.05,18.3,61.8
230,Switzerland,CHE,2013,5.68,16.28,10.786831539057019,1,215.71,138.2,72.42,71.98,146.98,6.25,25.87,22.97,-
231,Switzerland,CHE,2014,5.36,15.6,10.295180992191256,1,206.23,138.05,68.21,67.95,143.88,7.05,24.55,26.8,-
232,Switzerland,CHE,2015,5.09,15.16,9.95626622366707,1,222.94,146.51,73.23,66.31,126.03,7.28,25.63,24.07,-
233,Switzerland,CHE,2016,4.97,14.23,9.442203558834024,1,208.54,178.74,74.27,68.88,123.1,8.57,28.73,23.02,70.5
234,Taiwan,TWN,2013,8.98,18.57,13.68962324079083,27,120.57,74.17,83.74,81.25,66.76,9.02,38.33,71.48,-
235,Taiwan,TWN,2014,8.96,18.45,13.615883130593565,29,114.06,82.31,78.53,78.33,60.2,17.33,27.6,70.81,-
236,Taiwan,TWN,2015,8.55,18.01,13.180563476547006,43,92.5,69.9,78.12,84.29,57.06,24.97,28.25,67.65,-
237,Thailand,THA,2013,4.24,15.87,9.911234388555453,51,54.08,35.44,59.47,94.73,51.3,18.33,38.57,72.12,-
238,Thailand,THA,2014,4.08,16.14,9.966114708486092,52,56.64,36.96,62.44,85.44,45.95,19.07,32.82,71.13,-
239,Thailand,THA,2015,3.95,16.42,10.035679944971431,62,47.37,38.75,62.94,82.47,46.52,20.76,42.36,72.81,-
240,Thailand,THA,2016,3.97,16.94,10.303199052900363,55,63.83,40.06,57.44,80.8,40.02,24.38,43.09,71.51,-23.25
241,Turkey,TUR,2013,1.48,5.07,3.243146767260504,42,74.84,57.26,64.8,71.87,61.67,6.19,50.47,82.0,-
242,Turkey,TUR,2014,1.48,5.29,3.3482558606303328,49,67.82,55.79,60.05,57.54,49.93,6.86,51.93,77.11,-
243,Turkey,TUR,2015,1.42,5.33,3.3447611773285373,50,82.55,53.63,63.6,74.0,49.55,6.7,46.32,74.31,-
244,Turkey,TUR,2016,1.37,5.4,3.3491881297663393,38,137.31,64.12,60.57,73.03,45.07,8.07,48.05,65.75,74.22
245,Turkmenistan,TKM,2015,3.68,13.14,8.507998805861027,15,157.09,59.75,82.14,77.22,38.12,12.96,11.75,28.45,-
246,Ukraine,UKR,2013,5.99,36.41,19.951833070513874,57,31.86,32.3,51.05,47.89,47.95,15.42,39.91,67.28,-
247,Ukraine,UKR,2014,5.95,36.65,20.112420914020497,61,22.22,31.0,50.63,47.1,45.64,15.95,41.89,73.32,-
248,Ukraine,UKR,2015,7.46,52.4,28.421394525712003,75,20.1,27.87,50.64,44.27,41.29,17.38,40.04,69.85,-
249,Ukraine,UKR,2016,7.19,51.7,27.966062940371817,52,85.56,29.66,51.38,49.69,28.56,26.16,39.95,67.84,50.4
250,United Arab Emirates,ARE,2013,1.87,6.44,5.174148397436809,6,186.01,123.85,81.99,59.92,74.12,4.43,24.5,58.37,-
251,United Arab Emirates,ARE,2014,1.86,6.45,5.1631823989009575,9,173.27,110.64,79.21,60.65,68.25,5.26,28.2,53.84,-
252,United Arab Emirates,ARE,2015,1.84,6.46,5.149067464470691,18,153.68,104.59,77.78,55.6,67.16,6.16,29.9,61.34,-
253,United Arab Emirates,ARE,2016,1.82,6.44,5.113126558771342,33,144.09,136.43,76.92,58.2,66.09,5.43,33.69,59.54,5.91
254,United Kingdom,GBR,2013,3.2,11.3,7.192882640531971,19,148.12,90.54,60.22,71.28,96.99,6.73,38.67,36.02,-
255,United Kingdom,GBR,2014,3.26,11.14,7.147944688299214,15,150.97,94.34,57.38,73.52,100.11,7.74,37.68,33.81,-
256,United Kingdom,GBR,2015,3.33,11.31,7.272896366630384,16,156.9,98.12,57.99,73.88,92.19,8.63,34.0,33.95,-
257,United Kingdom,GBR,2016,3.36,11.46,7.368399813978432,14,180.25,120.0,56.87,74.03,81.03,9.28,35.53,35.02,81.6
258,United States,USA,2013,5.54,18.9,12.038785325633947,3,199.56,138.38,46.56,67.76,79.57,2.2,39.54,32.53,-
259,United States,USA,2014,5.65,19.09,12.193175870606275,2,195.55,132.91,49.85,68.58,77.39,2.43,37.13,35.13,-
260,United States,USA,2015,5.75,19.61,12.505123341338336,4,192.49,126.09,49.99,67.75,76.53,2.62,35.96,31.45,-
261,United States,USA,2016,5.77,20.26,12.841485298546411,12,183.96,139.17,51.13,67.76,74.08,3.37,33.35,34.94,67.57
262,Uruguay,URY,2013,6.83,28.85,17.092572990325234,41,78.34,38.14,55.03,57.18,80.65,11.54,50.0,30.46,-
263,Uruguay,URY,2014,6.8,28.44,16.880856677026,34,91.94,39.64,53.36,59.58,77.36,11.6,45.0,21.33,-
264,Uruguay,URY,2015,6.88,28.87,17.11911239815323,42,93.06,44.87,52.83,67.92,68.55,11.23,45.0,31.72,-
265,Venezuela,VEN,2013,2.09,14.94,8.39451263028913,67,-48.27,18.71,14.3,44.44,110.55,20.78,38.75,81.89,-
266,Venezuela,VEN,2014,2.09,15.06,8.44563460831302,68,-39.32,17.87,18.5,41.05,114.36,20.19,38.75,73.96,-
267,Venezuela,VEN,2015,2.07,15.24,8.5241992254952,86,-53.04,11.9,15.93,38.52,111.01,22.23,30.6,79.19,-
268,Vietnam,VNM,2015,4.57,10.71,7.481462725231906,84,-19.52,21.32,47.71,34.26,41.86,23.92,36.4,84.34,-
